{
  "instance": "n20w60.001",
  "n_customers": 20,
  "nsga_config": {
    "pop_size": 100,
    "n_generations": 1500,
    "p_mutation": 0.3
  },
  "seeds": [
    0,
    1,
    2,
    3,
    4
  ],
  "ref_point_global": [
    369.50000000000006,
    4196.400000000001
  ],
  "front_size": {
    "mean": 43.6,
    "std": 2.701851217221259,
    "median": 43.0,
    "min": 41.0,
    "max": 48.0
  },
  "hypervolume": {
    "mean": 713641.7600000002,
    "std": 2822.666432294109,
    "median": 712969.6000000002,
    "min": 710115.2000000003,
    "max": 717478.2000000003
  },
  "best_dist": {
    "mean": 183.6,
    "std": 0.5477225575051661,
    "median": 184.0,
    "min": 183.0,
    "max": 184.0
  },
  "n_feasible_solutions": {
    "mean": 1.0,
    "std": 0.0,
    "median": 1.0,
    "min": 1.0,
    "max": 1.0
  },
  "best_feasible_dist": {
    "mean": 335.0,
    "std": 0.0,
    "median": 335.0,
    "min": 335.0,
    "max": 335.0
  },
  "feasible_rate": 1.0,
  "time_s": {
    "mean": 110.86913479999639,
    "std": 5.151496917906426,
    "median": 109.32679039996583,
    "min": 105.53864219994284,
    "max": 116.74409210006706
  }
}