{
  "instance": "n20w40.001",
  "n_customers": 20,
  "nsga_config": {
    "pop_size": 100,
    "n_generations": 1500,
    "p_mutation": 0.3,
    "memetic_period": 0,
    "memetic_top_k": 5,
    "memetic_max_iter": 5
  },
  "seeds": [
    0,
    1,
    2,
    3,
    4,
    5,
    6,
    7,
    8,
    9
  ],
  "ref_point_global": [
    280.40000000000003,
    1219.8000000000002
  ],
  "front_size": {
    "mean": 47.3,
    "std": 3.3015148038438356,
    "median": 47.5,
    "min": 40.0,
    "max": 51.0
  },
  "hypervolume": {
    "mean": 125968.70000000007,
    "std": 2390.9923601346354,
    "median": 127435.32000000007,
    "min": 121893.32000000007,
    "max": 127453.32000000007
  },
  "best_dist": {
    "mean": 157.0,
    "std": 0.0,
    "median": 157.0,
    "min": 157.0,
    "max": 157.0
  },
  "n_feasible_solutions": {
    "mean": 0.9,
    "std": 0.31622776601683794,
    "median": 1.0,
    "min": 0.0,
    "max": 1.0
  },
  "best_feasible_dist": {
    "mean": 254.0,
    "std": 0.0,
    "median": 254.0,
    "min": 254.0,
    "max": 254.0
  },
  "feasible_rate": 0.9,
  "time_s": {
    "mean": 104.13027063999326,
    "std": 1.6145484851773806,
    "median": 103.63539230002789,
    "min": 101.81622249993961,
    "max": 107.0063555999659
  }
}