{
  "instance": "n20w40.001",
  "n_customers": 20,
  "nsga_config": {
    "pop_size": 100,
    "n_generations": 1500,
    "p_mutation": 0.3,
    "memetic_period": 100,
    "memetic_top_k": 5,
    "memetic_max_iter": 5
  },
  "seeds": [
    0,
    1,
    2,
    3,
    4,
    5,
    6,
    7,
    8,
    9
  ],
  "ref_point_global": [
    280.40000000000003,
    1219.8000000000002
  ],
  "front_size": {
    "mean": 48.4,
    "std": 0.9660917830792958,
    "median": 49.0,
    "min": 47.0,
    "max": 49.0
  },
  "hypervolume": {
    "mean": 127262.62000000007,
    "std": 579.9053658428501,
    "median": 127451.32000000005,
    "min": 125612.32000000007,
    "max": 127451.32000000005
  },
  "best_dist": {
    "mean": 157.0,
    "std": 0.0,
    "median": 157.0,
    "min": 157.0,
    "max": 157.0
  },
  "n_feasible_solutions": {
    "mean": 1.0,
    "std": 0.0,
    "median": 1.0,
    "min": 1.0,
    "max": 1.0
  },
  "best_feasible_dist": {
    "mean": 254.0,
    "std": 0.0,
    "median": 254.0,
    "min": 254.0,
    "max": 254.0
  },
  "feasible_rate": 1.0,
  "time_s": {
    "mean": 92.96974545998964,
    "std": 0.749157656096723,
    "median": 93.03505760000553,
    "min": 91.55976600002032,
    "max": 93.99610539991409
  }
}