{
  "instance": "n20w60.001",
  "n_customers": 20,
  "nsga_config": {
    "pop_size": 100,
    "n_generations": 1500,
    "p_mutation": 0.3,
    "memetic_period": 0,
    "memetic_top_k": 5,
    "memetic_max_iter": 5
  },
  "seeds": [
    0,
    1,
    2,
    3,
    4,
    5,
    6,
    7,
    8,
    9
  ],
  "ref_point_global": [
    369.50000000000006,
    3827.9
  ],
  "front_size": {
    "mean": 41.7,
    "std": 3.7133393177689658,
    "median": 41.0,
    "min": 36.0,
    "max": 46.0
  },
  "hypervolume": {
    "mean": 645251.6100000001,
    "std": 3383.343093976064,
    "median": 646501.3500000001,
    "min": 636342.5500000002,
    "max": 647889.4500000002
  },
  "best_dist": {
    "mean": 183.6,
    "std": 0.8432740427115678,
    "median": 183.0,
    "min": 183.0,
    "max": 185.0
  },
  "n_feasible_solutions": {
    "mean": 1.0,
    "std": 0.0,
    "median": 1.0,
    "min": 1.0,
    "max": 1.0
  },
  "best_feasible_dist": {
    "mean": 335.0,
    "std": 0.0,
    "median": 335.0,
    "min": 335.0,
    "max": 335.0
  },
  "feasible_rate": 1.0,
  "time_s": {
    "mean": 100.1515415900154,
    "std": 1.370393292982673,
    "median": 99.76754325005459,
    "min": 98.8714067999972,
    "max": 103.52820960001554
  }
}