{
  "instance": "n20w100.001",
  "n_customers": 20,
  "baseline_nn": {
    "distance": 387.0,
    "violation": 373.0,
    "n_violations": 2,
    "feasible": false
  },
  "random": {
    "feasible_rate": 0.0,
    "distance": {
      "mean": 404.5,
      "std": 32.277443104021316,
      "median": 411.5,
      "min": 334.0,
      "max": 450.0
    },
    "violation": {
      "mean": 593.1,
      "std": 119.99486100107232,
      "median": 603.0,
      "min": 420.0,
      "max": 797.0
    },
    "fitness": {
      "mean": 593504.5,
      "std": 119997.93441578715,
      "median": 603372.0,
      "min": 420422.0,
      "max": 797414.0
    }
  },
  "ga_config": {
    "pop_size": 200,
    "n_generations": 1500,
    "lam": 1000.0,
    "p_mutation": 0.3,
    "tournament_k": 3,
    "p_crossover": 0.9,
    "elite": 2,
    "mutation_op": "inversion"
  },
  "seeds": [
    0,
    1,
    2,
    3,
    4,
    5,
    6,
    7,
    8,
    9
  ],
  "feasible_rate": 1.0,
  "distance": {
    "mean": 242.1,
    "std": 12.16963434126104,
    "median": 237.0,
    "min": 237.0,
    "max": 276.0
  },
  "violation": {
    "mean": 0.0,
    "std": 0.0,
    "median": 0.0,
    "min": 0.0,
    "max": 0.0
  },
  "fitness": {
    "mean": 242.1,
    "std": 12.16963434126104,
    "median": 237.0,
    "min": 237.0,
    "max": 276.0
  },
  "time_s": {
    "mean": 25.542106620024423,
    "std": 0.4957338346234273,
    "median": 25.504098700010218,
    "min": 24.962586299981922,
    "max": 26.4505939000519
  }
}