{
  "instance": "n20w100.001",
  "n_customers": 20,
  "nsga_config": {
    "pop_size": 100,
    "n_generations": 1500,
    "p_mutation": 0.3,
    "memetic_period": 0,
    "memetic_top_k": 5,
    "memetic_max_iter": 5
  },
  "seeds": [
    0,
    1,
    2,
    3,
    4,
    5,
    6,
    7,
    8,
    9
  ],
  "ref_point_global": [
    261.70000000000005,
    1791.8000000000002
  ],
  "front_size": {
    "mean": 16.4,
    "std": 1.7126976771553506,
    "median": 17.0,
    "min": 13.0,
    "max": 18.0
  },
  "hypervolume": {
    "mean": 94737.74000000009,
    "std": 1081.1044731096868,
    "median": 95246.7600000001,
    "min": 92959.0600000001,
    "max": 95914.26000000008
  },
  "best_dist": {
    "mean": 191.4,
    "std": 1.2649110640673518,
    "median": 191.0,
    "min": 191.0,
    "max": 195.0
  },
  "n_feasible_solutions": {
    "mean": 1.0,
    "std": 0.0,
    "median": 1.0,
    "min": 1.0,
    "max": 1.0
  },
  "best_feasible_dist": {
    "mean": 237.0,
    "std": 0.0,
    "median": 237.0,
    "min": 237.0,
    "max": 237.0
  },
  "feasible_rate": 1.0,
  "time_s": {
    "mean": 100.79396566000068,
    "std": 0.71291690229794,
    "median": 100.80402895004954,
    "min": 99.86197760002688,
    "max": 102.3242973999586
  }
}