{
  "instance": "n20w40.001",
  "n_customers": 20,
  "nsga_config": {
    "pop_size": 100,
    "n_generations": 1500,
    "p_mutation": 0.3
  },
  "seeds": [
    0,
    1,
    2,
    3,
    4
  ],
  "ref_point_global": [
    280.40000000000003,
    1219.8000000000002
  ],
  "front_size": {
    "mean": 49.4,
    "std": 0.8944271909999159,
    "median": 49.0,
    "min": 49.0,
    "max": 51.0
  },
  "hypervolume": {
    "mean": 125727.52000000005,
    "std": 2360.4688517326463,
    "median": 127451.32000000005,
    "min": 123118.32000000004,
    "max": 127451.32000000005
  },
  "best_dist": {
    "mean": 157.0,
    "std": 0.0,
    "median": 157.0,
    "min": 157.0,
    "max": 157.0
  },
  "n_feasible_solutions": {
    "mean": 1.0,
    "std": 0.0,
    "median": 1.0,
    "min": 1.0,
    "max": 1.0
  },
  "best_feasible_dist": {
    "mean": 254.0,
    "std": 0.0,
    "median": 254.0,
    "min": 254.0,
    "max": 254.0
  },
  "feasible_rate": 1.0,
  "time_s": {
    "mean": 118.88956945999526,
    "std": 8.407761140201213,
    "median": 117.93737230007537,
    "min": 106.78119869995862,
    "max": 128.02451849996578
  }
}