{
  "instance": "n20w80.001",
  "n_customers": 20,
  "nsga_config": {
    "pop_size": 100,
    "n_generations": 1500,
    "p_mutation": 0.3
  },
  "seeds": [
    0,
    1,
    2,
    3,
    4
  ],
  "ref_point_global": [
    408.00000000000006,
    3382.4
  ],
  "front_size": {
    "mean": 43.6,
    "std": 3.2863353450309964,
    "median": 43.0,
    "min": 40.0,
    "max": 49.0
  },
  "hypervolume": {
    "mean": 623614.8,
    "std": 33071.16768878898,
    "median": 603615.2000000001,
    "min": 596678.2000000001,
    "max": 663359.2000000001
  },
  "best_dist": {
    "mean": 180.0,
    "std": 0.0,
    "median": 180.0,
    "min": 180.0,
    "max": 180.0
  },
  "n_feasible_solutions": {
    "mean": 0.6,
    "std": 0.8944271909999159,
    "median": 0.0,
    "min": 0.0,
    "max": 2.0
  },
  "best_feasible_dist": {
    "mean": 339.5,
    "std": 13.435028842544403,
    "median": 339.5,
    "min": 330.0,
    "max": 349.0
  },
  "feasible_rate": 0.4,
  "time_s": {
    "mean": 108.13043522001244,
    "std": 2.9902918350874073,
    "median": 109.77648380002938,
    "min": 104.10109910008032,
    "max": 111.01127260003705
  }
}