{
  "instance": "n20w80.001",
  "n_customers": 20,
  "nsga_config": {
    "pop_size": 100,
    "n_generations": 1500,
    "p_mutation": 0.3,
    "memetic_period": 0,
    "memetic_top_k": 5,
    "memetic_max_iter": 5
  },
  "seeds": [
    0,
    1,
    2,
    3,
    4,
    5,
    6,
    7,
    8,
    9
  ],
  "ref_point_global": [
    394.8,
    3382.4
  ],
  "front_size": {
    "mean": 49.6,
    "std": 3.1692971530679235,
    "median": 49.0,
    "min": 45.0,
    "max": 55.0
  },
  "hypervolume": {
    "mean": 593419.2400000005,
    "std": 21686.318561854347,
    "median": 592976.1200000006,
    "min": 557332.1200000002,
    "max": 621921.5200000007
  },
  "best_dist": {
    "mean": 180.0,
    "std": 0.0,
    "median": 180.0,
    "min": 180.0,
    "max": 180.0
  },
  "n_feasible_solutions": {
    "mean": 0.2,
    "std": 0.42163702135578396,
    "median": 0.0,
    "min": 0.0,
    "max": 1.0
  },
  "best_feasible_dist": {
    "mean": 331.0,
    "std": 2.8284271247461903,
    "median": 331.0,
    "min": 329.0,
    "max": 333.0
  },
  "feasible_rate": 0.2,
  "time_s": {
    "mean": 103.41411168999039,
    "std": 1.3290047966426388,
    "median": 103.73446230002446,
    "min": 101.84605319995899,
    "max": 105.10187729995232
  }
}