{
  "instance": "n20w80.001",
  "n_customers": 20,
  "baseline_nn": {
    "distance": 396.0,
    "violation": 0.0,
    "n_violations": 0,
    "feasible": true
  },
  "random": {
    "feasible_rate": 0.0,
    "distance": {
      "mean": 461.7,
      "std": 40.59844003571237,
      "median": 463.5,
      "min": 392.0,
      "max": 528.0
    },
    "violation": {
      "mean": 1067.4,
      "std": 149.36919212326066,
      "median": 1104.5,
      "min": 816.0,
      "max": 1271.0
    },
    "fitness": {
      "mean": 1067861.7,
      "std": 149387.77922429488,
      "median": 1104994.5,
      "min": 816426.0,
      "max": 1271458.0
    }
  },
  "ga_config": {
    "pop_size": 200,
    "n_generations": 1500,
    "lam": 1000.0,
    "p_mutation": 0.3,
    "tournament_k": 3,
    "p_crossover": 0.9,
    "elite": 2,
    "mutation_op": "inversion"
  },
  "seeds": [
    0,
    1,
    2,
    3,
    4,
    5,
    6,
    7,
    8,
    9
  ],
  "feasible_rate": 0.8,
  "distance": {
    "mean": 332.4,
    "std": 14.408330923462302,
    "median": 329.5,
    "min": 319.0,
    "max": 370.0
  },
  "violation": {
    "mean": 37.6,
    "std": 79.26776001488739,
    "median": 0.0,
    "min": 0.0,
    "max": 188.0
  },
  "fitness": {
    "mean": 37932.4,
    "std": 79260.69858973824,
    "median": 330.0,
    "min": 329.0,
    "max": 188319.0
  },
  "time_s": {
    "mean": 26.769783450022807,
    "std": 1.1638384031135665,
    "median": 26.4855325500248,
    "min": 25.46655060001649,
    "max": 29.5249984000111
  }
}