{
  "instance": "n20w20.001",
  "n_customers": 20,
  "nsga_config": {
    "pop_size": 100,
    "n_generations": 1500,
    "p_mutation": 0.3,
    "memetic_period": 0,
    "memetic_top_k": 5,
    "memetic_max_iter": 5
  },
  "seeds": [
    0,
    1,
    2,
    3,
    4,
    5,
    6,
    7,
    8,
    9
  ],
  "ref_point_global": [
    416.8,
    6192.900000000001
  ],
  "front_size": {
    "mean": 63.0,
    "std": 3.711842908553348,
    "median": 63.5,
    "min": 56.0,
    "max": 69.0
  },
  "hypervolume": {
    "mean": 1195088.9900000012,
    "std": 9873.48769450037,
    "median": 1194897.5200000014,
    "min": 1173860.6200000006,
    "max": 1208020.5200000007
  },
  "best_dist": {
    "mean": 200.1,
    "std": 3.784471194529326,
    "median": 198.0,
    "min": 198.0,
    "max": 209.0
  },
  "n_feasible_solutions": {
    "mean": 0.9,
    "std": 0.31622776601683794,
    "median": 1.0,
    "min": 0.0,
    "max": 1.0
  },
  "best_feasible_dist": {
    "mean": 378.0,
    "std": 0.0,
    "median": 378.0,
    "min": 378.0,
    "max": 378.0
  },
  "feasible_rate": 0.9,
  "time_s": {
    "mean": 101.9393248199951,
    "std": 1.6200176049293826,
    "median": 101.49237049999647,
    "min": 99.87031829997431,
    "max": 105.09060330002103
  }
}