{
  "instance": "n20w20.001",
  "n_customers": 20,
  "nsga_config": {
    "pop_size": 100,
    "n_generations": 1500,
    "p_mutation": 0.3,
    "memetic_period": 100,
    "memetic_top_k": 5,
    "memetic_max_iter": 5
  },
  "seeds": [
    0,
    1,
    2,
    3,
    4,
    5,
    6,
    7,
    8,
    9
  ],
  "ref_point_global": [
    416.8,
    4955.400000000001
  ],
  "front_size": {
    "mean": 55.0,
    "std": 11.035296904831233,
    "median": 56.5,
    "min": 37.0,
    "max": 70.0
  },
  "hypervolume": {
    "mean": 926829.8600000001,
    "std": 8077.110623126382,
    "median": 926798.1200000001,
    "min": 911279.3200000002,
    "max": 935734.52
  },
  "best_dist": {
    "mean": 202.5,
    "std": 5.082650227325635,
    "median": 201.0,
    "min": 198.0,
    "max": 209.0
  },
  "n_feasible_solutions": {
    "mean": 0.8,
    "std": 0.42163702135578396,
    "median": 1.0,
    "min": 0.0,
    "max": 1.0
  },
  "best_feasible_dist": {
    "mean": 378.0,
    "std": 0.0,
    "median": 378.0,
    "min": 378.0,
    "max": 378.0
  },
  "feasible_rate": 0.8,
  "time_s": {
    "mean": 91.12558848998742,
    "std": 0.5390114006015702,
    "median": 91.10159889998613,
    "min": 90.44064619997516,
    "max": 91.86756260006223
  }
}