{
  "instance": "n20w100.001",
  "n_customers": 20,
  "nsga_config": {
    "pop_size": 100,
    "n_generations": 1500,
    "p_mutation": 0.3,
    "memetic_period": 100,
    "memetic_top_k": 5,
    "memetic_max_iter": 5
  },
  "seeds": [
    0,
    1,
    2,
    3,
    4
  ],
  "ref_point_global": [
    261.70000000000005,
    1944.7
  ],
  "front_size": {
    "mean": 14.6,
    "std": 2.1908902300206643,
    "median": 15.0,
    "min": 11.0,
    "max": 17.0
  },
  "hypervolume": {
    "mean": 104220.47000000007,
    "std": 2725.5166688171216,
    "median": 105325.29000000008,
    "min": 99682.19000000009,
    "max": 106682.29000000008
  },
  "best_dist": {
    "mean": 191.6,
    "std": 1.3416407864998738,
    "median": 191.0,
    "min": 191.0,
    "max": 194.0
  },
  "n_feasible_solutions": {
    "mean": 1.0,
    "std": 0.0,
    "median": 1.0,
    "min": 1.0,
    "max": 1.0
  },
  "best_feasible_dist": {
    "mean": 237.0,
    "std": 0.0,
    "median": 237.0,
    "min": 237.0,
    "max": 237.0
  },
  "feasible_rate": 1.0,
  "time_s": {
    "mean": 92.0116388599854,
    "std": 2.104967512661407,
    "median": 91.48537090001628,
    "min": 89.96262709994335,
    "max": 95.3937436999986
  }
}